dataset,exact-match,global-llm,debate
finqa,0.5422222222222223,0.008888888888888889,0.4488888888888889
hotpotqa,0.9499999999999998,0.016666666666666666,0.03333333333333333
science_qa,0.6766666666666667,0.021111111111111112,0.3022222222222222
squad,0.91,0.006666666666666667,0.08333333333333333
